{
  "project_info": {
    "project_number": "535583056950",
    "project_id": "model-lab-e3871",
    "storage_bucket": "model-lab-e3871.appspot.com"
  },
  "client": [
    {
      "client_info": {
        "mobilesdk_app_id": "1:535583056950:android:b3b20237adf56c7256a497",
        "android_client_info": {
          "package_name": "com.example.firebase"
        }
      },
      "oauth_client": [
        {
          "client_id": "535583056950-6jhmupok883f3dt46iaimrju3p4j2fko.apps.googleusercontent.com",
          "client_type": 3
        }
      ],
      "api_key": [
        {
          "current_key": "AIzaSyDaRJiVzfZR_uW3Gctofr-ygAPdtrkPXLk"
        }
      ],
      "services": {
        "appinvite_service": {
          "other_platform_oauth_client": [
            {
              "client_id": "535583056950-6jhmupok883f3dt46iaimrju3p4j2fko.apps.googleusercontent.com",
              "client_type": 3
            }
          ]
        }
      }
    }
  ],
  "configuration_version": "1"
}